foros_interesse_principal;cidade
Foro de Adamantina;Adamantina
Foro de Bastos;Bastos
Foro de Bilac;Bilac
Foro de Buritama;Buritama
Foro de Dracena;Dracena
Foro de Eldorado Paulista;Eldorado Paulista
Foro de Guararapes;Guararapes
Foro de Iepê;Iepê
Foro de Junqueirópolis;Junqueirópolis
Foro de Lucélia;Lucélia
Foro de Maracaí;Maracaí
Foro de Osvaldo Cruz;Osvaldo Cruz
Foro de Pacaembu;Pacaembu
Foro de Panorama;Panorama
Foro de Penápolis;Penápolis
Foro de Pirapozinho;Pirapozinho
Foro de Presidente Epitácio;Presidente Epitácio
Foro de Presidente Prudente;Presidente Prudente
Foro de Regente Feijó;Regente Feijó
Foro de Santo Anastácio;Santo Anastácio
Foro de Teodoro Sampaio;Teodoro Sampaio
Foro de Tupi Paulista;Tupi Paulista
Foro de Tupã;Tupã
