n_raj;nome_raj;cidades;cj;juiz_diretor
1;Grande São Paulo;Arujá - 44ª CJ;;
1;Grande São Paulo;Barueri - 4ª CJ;;
1;Grande São Paulo;Carapicuiba - 4ª CJ;;
1;Grande São Paulo;Cotia - 52ª CJ;;
1;Grande São Paulo;Diadema - 2ª CJ;;
1;Grande São Paulo;Embu das Artes - 52ª CJ;;
1;Grande São Paulo;Embu-Guaçu - 52ª CJ;;
1;Grande São Paulo;Ferraz de Vasconcelos - 45ª CJ;;
1;Grande São Paulo;Guararema - 45ª CJ;;
1;Grande São Paulo;Guarulhos - 44ª CJ;;
1;Grande São Paulo;Itapecerica da Serra - 52ª CJ;;
1;Grande São Paulo;Itapevi - 52ª CJ;;
1;Grande São Paulo;Itaquaquecetuba - 45ª CJ;;
1;Grande São Paulo;Jandira - 4ª CJ;;
1;Grande São Paulo;Mairiporã - 44ª CJ;;
1;Grande São Paulo;Mauá - 3ª CJ;;
1;Grande São Paulo;Mogi das Cruzes - 45ª CJ;;
1;Grande São Paulo;Osasco - 4ª CJ;;
1;Grande São Paulo;Poá - 45ª CJ;;
1;Grande São Paulo;Ribeirão Pires - 3ª CJ;;
1;Grande São Paulo;Rio Grande de Serra - 3ª CJ;;
1;Grande São Paulo;Santa Isabel - 44ª CJ;;
1;Grande São Paulo;Santana do Parnaíba - 4ª CJ;;
1;Grande São Paulo;Santo André - 3ª CJ;;
1;Grande São Paulo;São Bernardo do Campo - 2ª CJ;;
1;Grande São Paulo;São Caetano do Sul - 3ª CJ;;
1;Grande São Paulo;São Paulo - Capital;;
1;Grande São Paulo;Suzano - 45ª CJ;;
1;Grande São Paulo;Taboão da Serra - 52ª CJ;;
1;Grande São Paulo;Vargem Grande Paulista - 52ª CJ;;
2;Araçatuba;Andradina - 37ª CJ;;
2;Araçatuba;Araçatuba - 36ª CJ;;
2;Araçatuba;Auriflama - 55ª CJ;;
2;Araçatuba;Bilac - 36ª CJ;;
2;Araçatuba;Birigui - 36ª CJ;;
2;Araçatuba;Buritama - 36ª CJ;;
2;Araçatuba;Cafelândia - 35ª CJ;;
2;Araçatuba;Getulina - 35ª CJ;;
2;Araçatuba;Guararapes - 36ª CJ;;
2;Araçatuba;Ilha Solteira - 37ª CJ;;
2;Araçatuba;Jales - 55ª CJ;;
2;Araçatuba;Lins - 35ª CJ;;
2;Araçatuba;Mirandópolis - 37ª CJ;;
2;Araçatuba;Palmeira D’Oeste - 55ª CJ;;
2;Araçatuba;Penápolis - 36ª CJ;;
2;Araçatuba;Pereira Barreto - 37ª CJ;;
2;Araçatuba;Promissão - 35ª CJ;;
2;Araçatuba;Santa Fé do Sul - 55ª CJ;;
2;Araçatuba;Urânia - 55ª CJ;;
2;Araçatuba;Valparaíso - 36ª CJ;;
3;Bauru;Agudos - 32ª CJ;;
3;Bauru;Avaré - 24ª CJ;;
3;Bauru;Bariri - 33ª CJ;;
3;Bauru;Barra Bonita - 33ª CJ;;
3;Bauru;Bauru - 32ª CJ;;
3;Bauru;Botucatu - 23ª CJ;;
3;Bauru;Cerqueira Cesar - 24ª CJ;;
3;Bauru;Chavantes - 25ª CJ;;
3;Bauru;Conchas - 23ª CJ;;
3;Bauru;Dois Córregos - 33ª CJ;;
3;Bauru;Duartina - 32ª CJ;;
3;Bauru;Fartura - 24ª CJ;;
3;Bauru;Ipaussu - 25ª CJ;;
3;Bauru;Itaí - 24ª CJ;;
3;Bauru;Itatinga - 23ª CJ;;
3;Bauru;Jaú - 33ª CJ;;
3;Bauru;Lençóis Paulista - 32ª CJ;;
3;Bauru;Macatuba - 33ª CJ;;
3;Bauru;Ourinhos - 25ª CJ;;
3;Bauru;Paranapanema - 24ª CJ;;
3;Bauru;Pederneiras - 33ª CJ;;
3;Bauru;Piraju - 25ª CJ;;
3;Bauru;Pirajuí - 32ª CJ;;
3;Bauru;Piratininga - 32ª CJ;;
3;Bauru;Santa Cruz do Rio Pardo - 25ª CJ;;
3;Bauru;São Manuel - 23ª CJ;;
3;Bauru;Taquarituba - 24ª CJ;;
4;Campinas;Aguaí - 50ª CJ;;
4;Campinas;Águas de Lindóia - 54ª CJ;;
4;Campinas;Americana - 53ª CJ;;
4;Campinas;Amparo - 54ª CJ;;
4;Campinas;Araras - 10ª CJ;;
4;Campinas;Artur Nogueira - 7ª CJ;;
4;Campinas;Atibaia - 6ª CJ;;
4;Campinas;Bragança Paulista - 6ª CJ;;
4;Campinas;Brotas - 9ª CJ;;
4;Campinas;Caieiras - 5ª CJ;;
4;Campinas;Cajamar - 5ª CJ;;
4;Campinas;Campinas - 8ª CJ;;
4;Campinas;Campo Limpo Paulista - 5ª CJ;;
4;Campinas;Capivari - 34ª CJ;;
4;Campinas;Cerquilho - 34ª CJ;;
4;Campinas;Conchal - 7ª CJ;;
4;Campinas;Cordeirópolis - 10ª CJ;;
4;Campinas;Cosmópolis - 8ª CJ;;
4;Campinas;Espírito Santo do Pinhal - 50ª CJ;;
4;Campinas;Francisco Morato - 5ª CJ;;
4;Campinas;Franco da Rocha - 5ª CJ;;
4;Campinas;Hortolândia - 53ª CJ;;
4;Campinas;Itapira - 7ª CJ;;
4;Campinas;Itatiba - 5ª CJ;;
4;Campinas;Itirapina - 9ª CJ;;
4;Campinas;Itupeva - 5ª CJ;;
4;Campinas;Jaguariúna - 54ª CJ;;
4;Campinas;Jarinu - 6ª CJ;;
4;Campinas;Jundiaí - 5ª CJ;;
4;Campinas;Laranjal Paulista - 34ª CJ;;
4;Campinas;Leme - 11ª CJ;;
4;Campinas;Limeira - 10ª CJ;;
4;Campinas;Louveira - 5ª CJ;;
4;Campinas;Mogi Guaçu - 7ª CJ;;
4;Campinas;Mogi Mirim - 7ª CJ;;
4;Campinas;Monte Mor - 34ª CJ;;
4;Campinas;Nazaré Paulista - 6ª CJ;;
4;Campinas;Nova Odessa - 53ª CJ;;
4;Campinas;Paulínia - 8ª CJ;;
4;Campinas;Pedreira - 54ª CJ;;
4;Campinas;Pinhalzinho - 6ª CJ;;
4;Campinas;Piracaia - 6ª CJ;;
4;Campinas;Piracicaba - 34ª CJ;;
4;Campinas;Pirassununga - 11ª CJ;;
4;Campinas;Porto Ferreira - 11ª CJ;;
4;Campinas;Rio Claro - 9ª CJ;;
4;Campinas;Rio das Pedras - 34ª CJ;;
4;Campinas;Santa Bárbara D’Oeste - 53ª CJ;;
4;Campinas;Santa Rita do Passa Quatro - 11ª CJ;;
4;Campinas;São João da Boa Vista - 50ª CJ;;
4;Campinas;São Pedro - 34ª CJ;;
4;Campinas;Serra Negra - 54ª CJ;;
4;Campinas;Socorro - 54ª CJ;;
4;Campinas;Sumaré - 53ª CJ;;
4;Campinas;Tietê - 34ª CJ;;
4;Campinas;Valinhos - 8ª CJ;;
4;Campinas;Vargem Grande do Sul - 50ª CJ;;
4;Campinas;Várzea Paulista - 5ª CJ;;
4;Campinas;Vila Mimosa - 8ª CJ;;
4;Campinas;Vinhedo - 5ª CJ;;
5;Presidente Prudente;Adamantina - 30ª CJ;;
5;Presidente Prudente;Assis - 26ª CJ;;
5;Presidente Prudente;Bastos - 30ª CJ;;
5;Presidente Prudente;Cândido Mota - 26ª CJ;;
5;Presidente Prudente;Dracena - 29ª CJ;;
5;Presidente Prudente;Flórida Paulista - 30ª CJ;;
5;Presidente Prudente;Gália - 31ª CJ;;
5;Presidente Prudente;Garça - 31ª CJ;;
5;Presidente Prudente;Iepê - 27ª CJ;;
5;Presidente Prudente;Junqueirópolis - 29ª CJ;;
5;Presidente Prudente;Lucélia - 30ª CJ;;
5;Presidente Prudente;Maracaí - 26ª CJ;;
5;Presidente Prudente;Marília - 31ª CJ;;
5;Presidente Prudente;Martinópolis - 27ª CJ;;
5;Presidente Prudente;Mirante do Paranapanema - 28ª CJ;;
5;Presidente Prudente;Osvaldo Cruz - 30ª CJ;;
5;Presidente Prudente;Pacaembu - 29ª CJ;;
5;Presidente Prudente;Palmital - 26ª CJ;;
5;Presidente Prudente;Panorama - 29ª CJ;;
5;Presidente Prudente;Paraguaçu Paulista - 26ª CJ;;
5;Presidente Prudente;Pirapozinho - 27ª CJ;;
5;Presidente Prudente;Pompéia - 31ª CJ;;
5;Presidente Prudente;Presidente Bernardes - 27ª CJ;;
5;Presidente Prudente;Presidente Epitácio - 28ª CJ;;
5;Presidente Prudente;Presidente Prudente - 27ª CJ;;
5;Presidente Prudente;Presidente Venceslau - 28ª CJ;;
5;Presidente Prudente;Quatá - 26ª CJ;;
5;Presidente Prudente;Rancharia - 27ª CJ;;
5;Presidente Prudente;Regente Feijó - 27ª CJ;;
5;Presidente Prudente;Rosana - 28ª CJ;;
5;Presidente Prudente;Santo Anastácio - 28ª CJ;;
5;Presidente Prudente;Teodoro Sampaio - 28ª CJ;;
5;Presidente Prudente;Tupã - 30ª CJ;;
5;Presidente Prudente;Tupi Paulista - 29ª CJ;;
6;Ribeirão Preto;Altinópolis - 39ª CJ;;
6;Ribeirão Preto;Américo Brasiliense - 13ª CJ;;
6;Ribeirão Preto;Araraquara - 13ª CJ;;
6;Ribeirão Preto;Batatais - 39ª CJ;;
6;Ribeirão Preto;Borborema - 13ª CJ;;
6;Ribeirão Preto;Brodowski - 39ª CJ;;
6;Ribeirão Preto;Caconde - 43ª CJ;;
6;Ribeirão Preto;Cajuru - 41ª CJ;;
6;Ribeirão Preto;Casa Branca - 43ª CJ;;
6;Ribeirão Preto;Cravinhos - 41ª CJ;;
6;Ribeirão Preto;Descalvado - 12ª CJ;;
6;Ribeirão Preto;Franca - 38ª CJ;;
6;Ribeirão Preto;Guará - 40ª CJ;;
6;Ribeirão Preto;Guariba - 42ª CJ;;
6;Ribeirão Preto;Iacanga - 13ª CJ;;
6;Ribeirão Preto;Ibaté - 12ª CJ;;
6;Ribeirão Preto;Ibitinga - 13ª CJ;;
6;Ribeirão Preto;Igarapava - 40ª CJ;;
6;Ribeirão Preto;Ipuã - 40ª CJ;;
6;Ribeirão Preto;Itápolis - 13ª CJ;;
6;Ribeirão Preto;Ituverava - 40ª CJ;;
6;Ribeirão Preto;Jaboticabal - 42ª CJ;;
6;Ribeirão Preto;Jardinópolis - 41ª CJ;;
6;Ribeirão Preto;Matão - 13ª CJ;;
6;Ribeirão Preto;Miguelópolis - 40ª CJ;;
6;Ribeirão Preto;Mococa - 43ª CJ;;
6;Ribeirão Preto;Monte Alto - 42ª CJ;;
6;Ribeirão Preto;Morro Agudo - 39ª CJ;;
6;Ribeirão Preto;Nuporanga - 39ª CJ;;
6;Ribeirão Preto;Orlândia - 39ª CJ;;
6;Ribeirão Preto;Patrocínio Paulista - 38ª CJ;;
6;Ribeirão Preto;Pedregulho - 38ª CJ;;
6;Ribeirão Preto;Pirangi - 42ª CJ;;
6;Ribeirão Preto;Pitangueiras - 42ª CJ;;
6;Ribeirão Preto;Pontal - 41ª CJ;;
6;Ribeirão Preto;Ribeirão Bonito - 12ª CJ;;
6;Ribeirão Preto;Ribeirão Preto - 41ª CJ;;
6;Ribeirão Preto;Santa Cruz das Palmeiras - 43ª CJ;;
6;Ribeirão Preto;Santa Rosa do Viterbo - 41ª CJ;;
6;Ribeirão Preto;São Carlos - 12ª CJ;;
6;Ribeirão Preto;São Joaquim da Barra - 40ª CJ;;
6;Ribeirão Preto;São José do Rio Pardo - 43ª CJ;;
6;Ribeirão Preto;São Sebastião da Grama - 43ª CJ;;
6;Ribeirão Preto;São Simão - 41ª CJ;;
6;Ribeirão Preto;Serrana - 41ª CJ;;
6;Ribeirão Preto;Sertãozinho - 41ª CJ;;
6;Ribeirão Preto;Tambaú - 43ª CJ;;
6;Ribeirão Preto;Taquaritinga - 42ª CJ;;
7;Santos;Bertioga - 1ª CJ;;
7;Santos;Cananéia - 21ª CJ;;
7;Santos;Cubatão - 1ª CJ;;
7;Santos;Eldorado - 21ª CJ;;
7;Santos;Guarujá - 1ª CJ;;
7;Santos;Iguape - 21ª CJ;;
7;Santos;Itanhaém - 56ª CJ;;
7;Santos;Itariri - 56ª CJ;;
7;Santos;Jacupiranga - 21ª CJ;;
7;Santos;Juquiá - 21ª CJ;;
7;Santos;Miracatu - 21ª CJ;;
7;Santos;Mongaguá - 56ª CJ;;
7;Santos;Pariquera-Açu - 21ª CJ;;
7;Santos;Peruíbe - 56ª CJ;;
7;Santos;Praia Grande - 1ª CJ;;
7;Santos;Registro - 21ª CJ;;
7;Santos;Santos - 1ª CJ;;
7;Santos;São Vicente - 1ª CJ;;
8;São José do Rio Preto;Barretos - 14ª CJ;;
8;São José do Rio Preto;Bebedouro - 14ª CJ;;
8;São José do Rio Preto;Cardoso - 17ª CJ;;
8;São José do Rio Preto;Catanduva - 15ª CJ;;
8;São José do Rio Preto;Colina - 14ª CJ;;
8;São José do Rio Preto;Estrela D’Oeste - 18ª CJ;;
8;São José do Rio Preto;Fernandópolis - 18ª CJ;;
8;São José do Rio Preto;General Salgado - 18ª CJ;;
8;São José do Rio Preto;Guaíra - 14ª CJ;;
8;São José do Rio Preto;Itajobi - 15ª CJ;;
8;São José do Rio Preto;José Bonifácio - 16ª CJ;;
8;São José do Rio Preto;Macaubal - 16ª CJ;;
8;São José do Rio Preto;Mirassol - 16ª CJ;;
8;São José do Rio Preto;Monte Aprazível - 16ª CJ;;
8;São José do Rio Preto;Monte Azul Paulista - 14ª CJ;;
8;São José do Rio Preto;Neves Paulista - 16ª CJ;;
8;São José do Rio Preto;Nhandeara - 17ª CJ;;
8;São José do Rio Preto;Nova Granada - 16ª CJ;;
8;São José do Rio Preto;Novo Horizonte - 15ª CJ;;
8;São José do Rio Preto;Olímpia - 14ª CJ;;
8;São José do Rio Preto;Ouroeste - 18ª CJ;;
8;São José do Rio Preto;Palestina - 16ª CJ;;
8;São José do Rio Preto;Paulo de Faria - 16ª CJ;;
8;São José do Rio Preto;Potirendaba - 16ª CJ;;
8;São José do Rio Preto;Santa Adélia - 15ª CJ;;
8;São José do Rio Preto;São José do Rio Preto - 16ª CJ;;
8;São José do Rio Preto;Tabapuã - 15ª CJ;;
8;São José do Rio Preto;Tanabi - 16ª CJ;;
8;São José do Rio Preto;Urupês - 15ª CJ;;
8;São José do Rio Preto;Viradouro - 14ª CJ;;
8;São José do Rio Preto;Votuporanga - 17ª CJ;;
9;São José dos Campos;Aparecida - 48ª CJ;;
9;São José dos Campos;Bananal - 48ª CJ;;
9;São José dos Campos;Caçapava - 47ª CJ;;
9;São José dos Campos;Cachoeira Paulista - 48ª CJ;;
9;São José dos Campos;Campos do Jordão - 47ª CJ;;
9;São José dos Campos;Caraguatatuba - 51ª CJ;;
9;São José dos Campos;Cruzeiro - 48ª CJ;;
9;São José dos Campos;Cunha - 48ª CJ;;
9;São José dos Campos;Guaratinguetá - 48ª CJ;;
9;São José dos Campos;Ilhabela - 51ª CJ;;
9;São José dos Campos;Jacareí - 46ª CJ;;
9;São José dos Campos;Lorena - 48ª CJ;;
9;São José dos Campos;Paraibuna - 46ª CJ;;
9;São José dos Campos;Pindamonhangaba - 47ª CJ;;
9;São José dos Campos;Piquete - 48ª CJ;;
9;São José dos Campos;Queluz - 48ª CJ;;
9;São José dos Campos;Roseira - 48ª CJ;;
9;São José dos Campos;Salesópolis - 46ª CJ;;
9;São José dos Campos;Santa Branca - 46ª CJ;;
9;São José dos Campos;São Bento do Sapucaí - 47ª CJ;;
9;São José dos Campos;São José dos Campos - 46ª CJ;;
9;São José dos Campos;São Luis do Paraitinga - 47ª CJ;;
9;São José dos Campos;São Sebastião - 51ª CJ;;
9;São José dos Campos;Taubaté - 47ª CJ;;
9;São José dos Campos;Tremembé - 47ª CJ;;
9;São José dos Campos;Ubatuba - 51ª CJ;;
10;Sorocaba;Angatuba - 22ª CJ;;
10;Sorocaba;Apiaí - 49ª CJ;;
10;Sorocaba;Boituva - 20ª CJ;;
10;Sorocaba;Buri - 49ª CJ;;
10;Sorocaba;Cabreúva - 20ª CJ;;
10;Sorocaba;Capão Bonito - 22ª CJ;;
10;Sorocaba;Cesário Lange - 22ª CJ;;
10;Sorocaba;Ibiúna - 19ª CJ;;
10;Sorocaba;Indaiatuba - 20ª CJ;;
10;Sorocaba;Itaberá - 49ª CJ;;
10;Sorocaba;Itapetininga - 22ª CJ;;
10;Sorocaba;Itapeva - 49ª CJ;;
10;Sorocaba;Itaporanga - 49ª CJ;;
10;Sorocaba;Itararé - 49ª CJ;;
10;Sorocaba;Itu - 20ª CJ;;
10;Sorocaba;Mairinque - 19ª CJ;;
10;Sorocaba;Piedade - 19ª CJ;;
10;Sorocaba;Pilar do Sul - 19ª CJ;;
10;Sorocaba;Porangaba - 22ª CJ;;
10;Sorocaba;Porto Feliz - 20ª CJ;;
10;Sorocaba;Salto - 20ª CJ;;
10;Sorocaba;Salto de Pirapora - 19ª CJ;;
10;Sorocaba;São Miguel Arcanjo - 22ª CJ;;
10;Sorocaba;São Roque - 19ª CJ;;
10;Sorocaba;Sorocaba - 19ª CJ;;
10;Sorocaba;Tatuí - 22ª CJ;;
10;Sorocaba;Votorantim - 19ª CJ;;
